# index, name, _pos
0,2,"array([1.14819558, 1.69793343])"
1,176,"array([1.15553134, 1.71305502])"
2,1340,"array([1.16674305, 1.68103196])"
3,1130,"array([1.1272485 , 1.69629392])"
4,534,"array([1.16510736, 1.72543056])"
5,925,"array([1.13208188, 1.6840983 ])"
6,251,"array([1.13652573, 1.68224128])"
7,285,"array([1.09174727, 1.67373507])"
8,932,"array([1.14892964, 1.72595516])"
9,200,"array([1.14841283, 1.70573034])"
10,759,"array([1.14720466, 1.73254214])"
11,1144,"array([1.15547166, 1.73405045])"
12,376,"array([1.13903125, 1.71472983])"
13,487,"array([1.1385871 , 1.73921317])"
14,855,"array([1.12867785, 1.6903556 ])"
15,1012,"array([1.15778479, 1.73111948])"
16,59,"array([1.15839868, 1.67291599])"
17,438,"array([1.13629478, 1.72769111])"
18,969,"array([1.16081999, 1.68866575])"
19,489,"array([1.13737473, 1.70685255])"
20,318,"array([1.12056551, 1.70711885])"
21,1201,"array([1.14153251, 1.69256269])"
22,490,"array([1.15826777, 1.7162999 ])"
23,798,"array([1.13482314, 1.73695498])"
24,1419,"array([1.16318705, 1.70792968])"
25,1224,"array([1.13659351, 1.69812512])"
26,589,"array([1.17641349, 1.72002914])"
27,1405,"array([1.12838647, 1.71182547])"
28,341,"array([1.08060808, 1.68240788])"
29,420,"array([1.13800182, 1.72080817])"
30,1040,"array([1.07913952, 1.66998258])"
31,1284,"array([1.13029792, 1.72048649])"
32,133,"array([1.10938543, 1.69328899])"
33,1329,"array([1.1239655 , 1.68958324])"
34,1289,"array([1.08889908, 1.72331305])"
35,620,"array([1.18486945, 1.7199871 ])"
36,1209,"array([1.13061128, 1.72581224])"
37,1083,"array([1.12391215, 1.70936877])"
38,100,"array([1.14384694, 1.71394791])"
39,415,"array([1.12832554, 1.67673569])"
40,111,"array([1.15290052, 1.72863144])"
41,137,"array([1.14113939, 1.7105375 ])"
42,366,"array([1.12629232, 1.72833116])"
43,173,"array([1.13328041, 1.70942729])"
44,951,"array([1.17697309, 1.69942432])"
45,640,"array([1.11426182, 1.73695685])"
46,1027,"array([1.09083638, 1.70707664])"
47,1346,"array([1.11068174, 1.70427155])"
48,844,"array([1.24102034, 1.7137286 ])"
49,371,"array([1.13721683, 1.71141099])"
50,1065,"array([1.18875674, 1.66323482])"
51,346,"array([1.10861054, 1.70060606])"
52,1159,"array([1.14869342, 1.66667701])"
53,306,"array([1.1169255 , 1.72288952])"
54,1255,"array([1.13777229, 1.75261854])"
55,3,"array([0.85469503, 1.65310729])"
56,689,"array([0.83885174, 1.6719674 ])"
57,1368,"array([0.91988043, 1.67427741])"
58,53,"array([0.88077473, 1.66451665])"
59,215,"array([0.89840018, 1.69579486])"
60,1298,"array([0.83820119, 1.63101185])"
61,56,"array([0.81763582, 1.65022112])"
62,659,"array([0.82850063, 1.64054624])"
63,1208,"array([0.85656398, 1.66355945])"
64,615,"array([0.90572748, 1.67964567])"
65,821,"array([0.8740812, 1.6597488])"
66,4,"array([1.10847963, 1.72625322])"
67,627,"array([1.0849739 , 1.68729219])"
68,434,"array([1.08904762, 1.76339078])"
69,577,"array([0.98842199, 1.68583379])"
70,1260,"array([1.18749082, 1.72634225])"
71,1259,"array([1.21025345, 1.73378816])"
72,752,"array([1.1972208 , 1.71688851])"
73,1393,"array([1.09194757, 1.72887519])"
74,241,"array([1.16806483, 1.70373579])"
75,595,"array([1.10526876, 1.71572526])"
76,1428,"array([1.20339725, 1.71468727])"
77,473,"array([1.22859429, 1.73804442])"
78,1067,"array([1.00356814, 1.68885754])"
79,1343,"array([0.94514071, 1.73647447])"
80,930,"array([1.14208577, 1.73300966])"
81,1408,"array([1.04932865, 1.70923795])"
82,543,"array([1.21787449, 1.72666243])"
83,1282,"array([1.10877906, 1.73871582])"
84,5,"array([0.9035664 , 1.78109429])"
85,91,"array([0.88893069, 1.78229515])"
86,299,"array([0.89839538, 1.79735316])"
87,629,"array([0.92783205, 1.74164458])"
88,307,"array([0.94664132, 1.78568746])"
89,1247,"array([0.90976747, 1.78652072])"
90,669,"array([0.89386156, 1.77501833])"
91,66,"array([0.87342641, 1.78773937])"
92,1060,"array([0.87319011, 1.81125453])"
93,388,"array([0.90593847, 1.79317781])"
94,509,"array([0.90117681, 1.77265457])"
95,52,"array([0.96900478, 1.78829274])"
96,828,"array([0.89713429, 1.78962266])"
97,41,"array([0.88311172, 1.76543522])"
98,634,"array([0.91762282, 1.73981568])"
99,986,"array([0.86741288, 1.79945574])"
100,6,"array([1.1940417 , 1.80539753])"
101,430,"array([1.18025242, 1.81149057])"
102,973,"array([1.18955564, 1.79910269])"
103,1133,"array([1.17914533, 1.76439948])"
104,1290,"array([1.17364268, 1.75515538])"
105,548,"array([1.12793221, 1.76927921])"
106,939,"array([1.22115165, 1.80650071])"
107,1277,"array([1.15968405, 1.77738878])"
108,1236,"array([1.14204784, 1.7409439 ])"
109,708,"array([1.16186346, 1.79912494])"
110,7,"array([0.99434299, 1.66520313])"
111,702,"array([0.93242075, 1.69468681])"
112,601,"array([1.07322083, 1.62095057])"
113,316,"array([0.9667921 , 1.67167634])"
114,602,"array([0.91778239, 1.6950926 ])"
115,211,"array([0.94868234, 1.68455651])"
116,49,"array([1.09418901, 1.62017548])"
117,1253,"array([1.09407714, 1.66526046])"
118,9,"array([1.1984944 , 1.76818238])"
119,731,"array([1.17554479, 1.70579138])"
120,1004,"array([1.16095391, 1.74810734])"
121,1334,"array([1.16599485, 1.73604357])"
122,468,"array([1.2013653 , 1.74823776])"
123,878,"array([1.15025155, 1.75361813])"
124,1261,"array([1.16720189, 1.74682941])"
125,1016,"array([1.17767039, 1.77135234])"
126,265,"array([1.23018415, 1.75364676])"
127,1390,"array([1.20519492, 1.75644083])"
128,806,"array([1.20305627, 1.78491163])"
129,335,"array([1.16708364, 1.75384317])"
130,1168,"array([1.15971319, 1.85472984])"
131,948,"array([1.16820313, 1.77061265])"
132,1,"array([1.19725918, 1.75444395])"
133,830,"array([1.15297682, 1.7772963 ])"
134,1399,"array([1.18123191, 1.72497186])"
135,40,"array([1.168602  , 1.74288065])"
136,268,"array([1.13435625, 1.7501896 ])"
137,10,"array([1.00924298, 1.79281301])"
138,630,"array([1.04398686, 1.75141914])"
139,365,"array([0.95922065, 1.78122765])"
140,1193,"array([1.07939658, 1.70907091])"
141,11,"array([1.11899464, 1.67467848])"
142,775,"array([1.09667252, 1.68388737])"
143,1294,"array([1.14298384, 1.66188486])"
144,776,"array([1.11185997, 1.6082973 ])"
145,1161,"array([0.99870637, 1.70892869])"
146,1141,"array([1.1052812 , 1.68473958])"
147,1143,"array([1.09462359, 1.63976954])"
148,357,"array([1.14131222, 1.67504057])"
149,1364,"array([1.16232797, 1.67698848])"
150,852,"array([1.17378478, 1.66820158])"
151,360,"array([1.1445219 , 1.70148071])"
152,315,"array([1.14023769, 1.6577778 ])"
153,743,"array([1.13363795, 1.66784024])"
154,385,"array([1.18443251, 1.6789698 ])"
155,1120,"array([1.12523109, 1.68581015])"
156,1163,"array([1.08907188, 1.7474405 ])"
157,205,"array([1.0200668 , 1.67015634])"
158,832,"array([1.09858103, 1.71146094])"
159,1038,"array([1.11596733, 1.69808948])"
160,1206,"array([1.13281418, 1.68867944])"
161,834,"array([1.18645282, 1.69416564])"
162,564,"array([1.1446074 , 1.60875599])"
163,395,"array([1.15437043, 1.622222  ])"
164,150,"array([1.10348452, 1.65159711])"
165,380,"array([1.19719551, 1.65140982])"
166,837,"array([1.14873883, 1.6269709 ])"
167,381,"array([1.14537227, 1.72052023])"
168,312,"array([1.10489092, 1.63360808])"
169,1043,"array([1.17654272, 1.65910399])"
170,1333,"array([1.06629255, 1.58550763])"
171,325,"array([1.17642327, 1.68086048])"
172,735,"array([1.12101538, 1.70362765])"
173,864,"array([1.17672843, 1.69276973])"
174,1280,"array([1.08638144, 1.60859336])"
175,525,"array([1.0646984 , 1.76969006])"
176,664,"array([1.02058989, 1.70603964])"
177,90,"array([1.10271315, 1.66104077])"
178,1108,"array([1.19029362, 1.67680461])"
179,196,"array([1.17310082, 1.65371849])"
180,319,"array([1.15810401, 1.68015976])"
181,751,"array([1.04376182, 1.62114542])"
182,12,"array([1.19011323, 1.75260819])"
183,935,"array([1.15997575, 1.75228218])"
184,517,"array([1.15488694, 1.72487518])"
185,737,"array([1.14495384, 1.75745335])"
186,308,"array([1.16812772, 1.72111011])"
187,455,"array([1.15085116, 1.73470955])"
188,1396,"array([1.15067439, 1.74646252])"
189,815,"array([1.1528922 , 1.75735396])"
190,956,"array([1.16170204, 1.72318315])"
191,338,"array([1.15619866, 1.74156161])"
192,877,"array([1.14937634, 1.73977222])"
193,892,"array([1.15902977, 1.72730316])"
194,1157,"array([1.16606495, 1.75731667])"
195,76,"array([1.14789434, 1.71562861])"
196,1266,"array([1.17563246, 1.72814545])"
197,874,"array([1.13769383, 1.76625856])"
198,13,"array([1.12040886, 1.63446488])"
199,1182,"array([1.11322016, 1.65875976])"
200,726,"array([1.11255516, 1.67359198])"
201,1395,"array([1.10887593, 1.68893199])"
202,843,"array([1.14325507, 1.65025216])"
203,848,"array([1.12339357, 1.71445911])"
204,1228,"array([1.11134143, 1.61533846])"
205,1293,"array([1.1210697 , 1.64773887])"
206,1052,"array([1.14140005, 1.62792772])"
207,444,"array([1.12363767, 1.67635847])"
208,32,"array([1.17641816, 1.64776823])"
209,866,"array([1.1714266 , 1.64529541])"
210,566,"array([1.15755846, 1.58791111])"
211,977,"array([1.08914514, 1.64298544])"
212,962,"array([1.06978557, 1.68195038])"
213,1274,"array([1.14106032, 1.63283536])"
214,1211,"array([1.07998848, 1.61424348])"
215,345,"array([1.12864838, 1.65300211])"
216,14,"array([1.02502809, 1.69546312])"
217,588,"array([0.99178444, 1.73977604])"
218,15,"array([1.13688896, 1.78461096])"
219,960,"array([1.13966956, 1.79571893])"
220,576,"array([1.1303824 , 1.83137316])"
221,555,"array([1.13496035, 1.78038702])"
222,983,"array([1.11645659, 1.8135421 ])"
223,48,"array([1.13405338, 1.74638841])"
224,243,"array([1.11679846, 1.80296275])"
225,641,"array([1.13972415, 1.76120359])"
226,1218,"array([1.114238  , 1.76623009])"
227,928,"array([1.16689557, 1.77675893])"
228,181,"array([1.14261975, 1.74617047])"
229,201,"array([1.16484183, 1.7804806 ])"
230,166,"array([1.16702214, 1.7863566 ])"
231,235,"array([1.17933494, 1.73038796])"
232,1374,"array([1.10360577, 1.77896164])"
233,700,"array([1.11980188, 1.75216096])"
234,1122,"array([1.11411829, 1.77229294])"
235,709,"array([1.05670072, 1.79560254])"
236,994,"array([1.11887906, 1.78944361])"
237,860,"array([1.17325686, 1.80512334])"
238,1250,"array([1.14747342, 1.76054223])"
239,597,"array([1.11170887, 1.77713414])"
240,397,"array([1.08276845, 1.78176676])"
241,717,"array([1.13018479, 1.79991246])"
242,493,"array([1.13273261, 1.79394163])"
243,255,"array([1.10978237, 1.78232337])"
244,153,"array([1.14743461, 1.80670533])"
245,1020,"array([1.15589313, 1.70075758])"
246,236,"array([1.12650892, 1.79398391])"
247,1000,"array([1.11121596, 1.80450545])"
248,1287,"array([1.13194223, 1.78571945])"
249,1029,"array([1.12584798, 1.78843972])"
250,26,"array([1.11476958, 1.68148246])"
251,16,"array([0.94882771, 1.72678417])"
252,398,"array([0.92084286, 1.7280884 ])"
253,695,"array([0.90567964, 1.7341284 ])"
254,504,"array([0.97806329, 1.71656863])"
255,1344,"array([0.92367032, 1.7001331 ])"
256,336,"array([0.94114779, 1.7081669 ])"
257,296,"array([0.92694648, 1.71620214])"
258,1295,"array([0.95461944, 1.73102862])"
259,1139,"array([0.96991415, 1.72243238])"
260,1303,"array([0.97089434, 1.73740572])"
261,1360,"array([0.89623559, 1.72746238])"
262,1328,"array([0.93673757, 1.70344091])"
263,707,"array([1.06754145, 1.72292564])"
264,857,"array([0.93894173, 1.72224706])"
265,698,"array([0.91360464, 1.73276576])"
266,674,"array([0.92587897, 1.70858424])"
267,1331,"array([0.95473363, 1.71545949])"
268,17,"array([0.87559803, 1.70119796])"
269,1378,"array([0.88420917, 1.6989854 ])"
270,511,"array([0.91087393, 1.68590751])"
271,495,"array([0.87079662, 1.69082489])"
272,227,"array([0.92226139, 1.68701862])"
273,704,"array([0.85801144, 1.6920841 ])"
274,1304,"array([0.89015271, 1.7176394 ])"
275,982,"array([0.90504919, 1.70237184])"
276,1214,"array([0.89556645, 1.68940906])"
277,1251,"array([0.90332655, 1.72525247])"
278,1050,"array([0.85679066, 1.71278768])"
279,813,"array([0.87323067, 1.71039928])"
280,18,"array([1.06932926, 1.7773149 ])"
281,1051,"array([1.08620428, 1.82770322])"
282,194,"array([1.11612748, 1.7464142 ])"
283,1100,"array([1.00229127, 1.74395488])"
284,706,"array([1.11892162, 1.76781878])"
285,777,"array([1.10229523, 1.85153112])"
286,472,"array([1.04368983, 1.72283518])"
287,1188,"array([1.08995941, 1.81625965])"
288,75,"array([1.10097865, 1.76027813])"
289,1325,"array([1.09513678, 1.75969969])"
290,1098,"array([1.11049077, 1.66633312])"
291,1276,"array([1.12082826, 1.76030334])"
292,1285,"array([1.10274075, 1.76998203])"
293,1086,"array([1.10233014, 1.7075847 ])"
294,19,"array([1.17170844, 1.59523832])"
295,188,"array([1.19423421, 1.64023382])"
296,1252,"array([1.18653807, 1.61527052])"
297,782,"array([1.13955401, 1.60338099])"
298,886,"array([1.2347995 , 1.56529202])"
299,271,"array([1.22115435, 1.5928892 ])"
300,655,"array([1.07267648, 1.67637572])"
301,1189,"array([1.20002595, 1.59267436])"
302,946,"array([1.19814091, 1.58289488])"
303,1363,"array([1.19161136, 1.57434766])"
304,170,"array([1.16648032, 1.64500593])"
305,915,"array([1.15420085, 1.57815899])"
306,353,"array([1.18211624, 1.62617915])"
307,351,"array([1.15651803, 1.62741204])"
308,1210,"array([1.20047497, 1.62114777])"
309,1048,"array([1.14843647, 1.55976912])"
310,21,"array([1.1635127 , 1.80526649])"
311,262,"array([1.11853264, 1.79640837])"
312,260,"array([1.09802812, 1.7375029 ])"
313,113,"array([1.13274924, 1.77230845])"
314,22,"array([1.09132057, 1.73368659])"
315,141,"array([1.12292501, 1.66177499])"
316,920,"array([1.13704428, 1.72495419])"
317,291,"array([1.12336004, 1.63924491])"
318,97,"array([1.06978903, 1.66683515])"
319,1006,"array([1.08984911, 1.69956206])"
320,989,"array([1.09832772, 1.72194991])"
321,902,"array([1.11818144, 1.72666824])"
322,98,"array([1.15453001, 1.75284329])"
323,101,"array([1.1233304 , 1.75663289])"
324,583,"array([1.08031071, 1.70383017])"
325,660,"array([1.09322654, 1.69545106])"
326,171,"array([1.10577538, 1.69578529])"
327,23,"array([0.85462522, 1.67631601])"
328,1178,"array([0.9027483 , 1.69050176])"
329,24,"array([1.16260471, 1.83916532])"
330,218,"array([1.16464686, 1.71392911])"
331,216,"array([1.10088734, 1.81388017])"
332,25,"array([1.078952  , 1.73676459])"
333,383,"array([1.13012858, 1.74622929])"
334,441,"array([1.10261654, 1.67594091])"
335,276,"array([1.07953968, 1.67698368])"
336,742,"array([1.08413108, 1.71606148])"
337,1415,"array([1.03477412, 1.65863508])"
338,115,"array([1.08490627, 1.69240037])"
339,1383,"array([1.12825017, 1.84473926])"
340,164,"array([1.13232682, 1.74043458])"
341,918,"array([1.13236835, 1.69412844])"
342,1003,"array([1.10762495, 1.67742455])"
343,1119,"array([1.10210407, 1.70146749])"
344,643,"array([1.13864589, 1.65253519])"
345,151,"array([1.14348336, 1.67174392])"
346,880,"array([1.10990756, 1.71699697])"
347,356,"array([1.15208718, 1.68910547])"
348,747,"array([1.15121248, 1.63647494])"
349,621,"array([1.11643305, 1.62205051])"
350,639,"array([1.14712695, 1.69141797])"
351,1179,"array([1.13971711, 1.67888549])"
352,563,"array([1.10482464, 1.74583344])"
353,29,"array([1.18491097, 1.75357829])"
354,964,"array([1.15287983, 1.70869802])"
355,286,"array([1.15665329, 1.74920556])"
356,584,"array([1.15250189, 1.74372673])"
357,879,"array([1.15249154, 1.76180586])"
358,1149,"array([1.14480704, 1.77384391])"
359,991,"array([1.16970863, 1.73921865])"
360,147,"array([1.16159183, 1.73280988])"
361,799,"array([1.16519012, 1.76233646])"
362,785,"array([1.14674443, 1.74324652])"
363,656,"array([1.17437012, 1.76778996])"
364,875,"array([1.18596634, 1.73210002])"
365,30,"array([1.18264577, 1.70156391])"
366,1068,"array([1.17026629, 1.71761753])"
367,723,"array([1.17327007, 1.74867903])"
368,244,"array([1.15311253, 1.71901467])"
369,1324,"array([1.16648586, 1.69709195])"
370,287,"array([1.20427232, 1.72769648])"
371,1093,"array([1.15106958, 1.71238563])"
372,626,"array([1.20129564, 1.72220417])"
373,712,"array([1.20425793, 1.6945619 ])"
374,1049,"array([1.17906754, 1.71692807])"
375,980,"array([1.17489753, 1.67533946])"
376,552,"array([1.16928174, 1.7085952 ])"
377,895,"array([1.11009121, 1.65120646])"
378,31,"array([1.05638858, 1.70665095])"
379,348,"array([1.0747397 , 1.70474382])"
380,50,"array([1.06358149, 1.71322894])"
381,69,"array([1.06897091, 1.71609402])"
382,651,"array([1.06948979, 1.70815523])"
383,1305,"array([1.03986854, 1.68437882])"
384,1373,"array([1.05521693, 1.67567893])"
385,746,"array([1.06963313, 1.68765789])"
386,515,"array([1.10652106, 1.63891668])"
387,936,"array([1.03671499, 1.75303556])"
388,714,"array([1.08525414, 1.67384682])"
389,1267,"array([1.04887638, 1.68482738])"
390,805,"array([1.0950226 , 1.71170169])"
391,661,"array([1.12396794, 1.68087119])"
392,638,"array([1.07781392, 1.73164053])"
393,917,"array([1.07331218, 1.71182301])"
394,1424,"array([1.05144837, 1.69697293])"
395,259,"array([1.03499845, 1.69658926])"
396,942,"array([1.06162699, 1.68958413])"
397,722,"array([1.0731501 , 1.69328373])"
398,1265,"array([1.09142131, 1.74369989])"
399,479,"array([1.03518148, 1.73769569])"
400,833,"array([1.17365783, 1.6185498 ])"
401,177,"array([1.18568527, 1.6327495 ])"
402,784,"array([1.15328396, 1.6681697 ])"
403,906,"array([1.19197403, 1.60831142])"
404,825,"array([1.16540856, 1.65609029])"
405,1090,"array([1.17956501, 1.65281895])"
406,1269,"array([1.17373731, 1.68675088])"
407,1056,"array([1.14467675, 1.64375951])"
408,943,"array([1.14936844, 1.65792901])"
409,33,"array([0.92664608, 1.8021638 ])"
410,600,"array([0.95887722, 1.77386111])"
411,199,"array([0.96647379, 1.74212021])"
412,827,"array([0.91370592, 1.77274795])"
413,35,"array([0.90046808, 1.67346369])"
414,414,"array([0.92861884, 1.67262844])"
415,1138,"array([0.88946878, 1.66820311])"
416,694,"array([0.88527141, 1.65383508])"
417,1059,"array([0.88547872, 1.64171918])"
418,795,"array([0.86760132, 1.66521253])"
419,309,"array([0.87851808, 1.67510019])"
420,358,"array([0.97934092, 1.67317089])"
421,767,"array([0.90042961, 1.71752697])"
422,985,"array([0.9746516 , 1.72947265])"
423,1066,"array([0.86541446, 1.67797228])"
424,793,"array([0.8849945 , 1.72774911])"
425,653,"array([0.86064818, 1.70086423])"
426,43,"array([0.91340383, 1.7009625 ])"
427,36,"array([1.06778792, 1.7932669 ])"
428,1283,"array([1.10253747, 1.73928793])"
429,228,"array([1.07360375, 1.76146086])"
430,967,"array([1.09237919, 1.76940875])"
431,1080,"array([1.09658861, 1.78761089])"
432,120,"array([1.08210698, 1.80788413])"
433,856,"array([1.11451216, 1.7592354 ])"
434,957,"array([1.07887368, 1.72713623])"
435,230,"array([1.0878381 , 1.78682484])"
436,37,"array([1.01381439, 1.65050051])"
437,1314,"array([1.04848505, 1.6664142 ])"
438,1030,"array([1.08552472, 1.62513562])"
439,38,"array([1.05638444, 1.65325959])"
440,516,"array([1.07563332, 1.65790172])"
441,148,"array([1.05991981, 1.67158039])"
442,1400,"array([1.01047826, 1.67011245])"
443,778,"array([1.09671367, 1.67402532])"
444,256,"array([1.09464943, 1.64456294])"
445,1219,"array([1.03054343, 1.67380013])"
446,897,"array([1.09943119, 1.64934415])"
447,229,"array([1.02723417, 1.64206623])"
448,606,"array([1.0217851 , 1.63343633])"
449,1404,"array([1.13764125, 1.61287347])"
450,1382,"array([1.10011491, 1.62804908])"
451,342,"array([1.08718323, 1.65571666])"
452,938,"array([1.098801  , 1.66323845])"
453,180,"array([1.08877926, 1.67739423])"
454,883,"array([1.04040066, 1.66553632])"
455,447,"array([1.10098015, 1.66904077])"
456,1171,"array([1.13337547, 1.71416876])"
457,39,"array([1.11761773, 1.6566863 ])"
458,670,"array([1.09994029, 1.63514984])"
459,1361,"array([1.10986888, 1.68242355])"
460,1242,"array([1.08876739, 1.68937994])"
461,1254,"array([1.09803896, 1.65694796])"
462,757,"array([1.09792853, 1.67920174])"
463,666,"array([1.09363803, 1.63436873])"
464,1300,"array([1.10021297, 1.64298493])"
465,624,"array([1.12542712, 1.64575313])"
466,461,"array([1.11983301, 1.68058211])"
467,1203,"array([1.11570108, 1.66945598])"
468,803,"array([1.08453403, 1.64929012])"
469,565,"array([1.13222674, 1.70185271])"
470,1129,"array([1.1122857 , 1.69777951])"
471,976,"array([1.12397519, 1.65194693])"
472,1019,"array([1.12297624, 1.65699952])"
473,1332,"array([1.1084251 , 1.65655543])"
474,718,"array([1.10517302, 1.66705769])"
475,862,"array([1.12710851, 1.7169073 ])"
476,408,"array([1.11820305, 1.66270236])"
477,526,"array([1.1156481 , 1.67739103])"
478,869,"array([1.10120399, 1.62308975])"
479,89,"array([1.1089082 , 1.66149473])"
480,478,"array([1.11489433, 1.68565488])"
481,693,"array([1.10554422, 1.64674962])"
482,347,"array([1.10886162, 1.67099551])"
483,812,"array([1.08910803, 1.63153919])"
484,1358,"array([1.11428234, 1.66493643])"
485,979,"array([0.885904  , 1.79346149])"
486,1089,"array([0.95767775, 1.66416724])"
487,80,"array([0.85587102, 1.78860022])"
488,740,"array([0.91630121, 1.7981469 ])"
489,42,"array([1.08527113, 1.70244006])"
490,435,"array([1.09476462, 1.71911142])"
491,136,"array([1.10672528, 1.71017633])"
492,1296,"array([1.1638107 , 1.71886662])"
493,816,"array([1.04380869, 1.67356976])"
494,975,"array([1.09391314, 1.70304145])"
495,1196,"array([1.12365083, 1.71959117])"
496,945,"array([0.90479622, 1.70824417])"
497,1412,"array([0.89754761, 1.64866974])"
498,536,"array([0.9131343 , 1.70922206])"
499,617,"array([0.88857625, 1.67997697])"
500,254,"array([0.96302256, 1.70381183])"
501,632,"array([0.92988592, 1.76083394])"
502,1181,"array([0.97571317, 1.72248968])"
503,324,"array([0.92967926, 1.68465208])"
504,44,"array([1.06100467, 1.62513857])"
505,1154,"array([1.10851946, 1.62325299])"
506,74,"array([1.11445843, 1.65215494])"
507,578,"array([1.11523533, 1.70249436])"
508,1114,"array([1.11173513, 1.64527367])"
509,1058,"array([1.11318159, 1.7310898 ])"
510,45,"array([1.1208028 , 1.74157492])"
511,981,"array([1.1411011 , 1.71868515])"
512,238,"array([1.09828235, 1.751597  ])"
513,822,"array([1.15766438, 1.74540775])"
514,786,"array([1.06736172, 1.76063861])"
515,607,"array([1.1850002 , 1.73894165])"
516,47,"array([1.04968925, 1.63849633])"
517,1313,"array([1.08456901, 1.63400371])"
518,297,"array([1.04394137, 1.6591962 ])"
519,92,"array([1.07701576, 1.77985289])"
520,1256,"array([1.17975736, 1.77598291])"
521,73,"array([1.13252116, 1.67377171])"
522,354,"array([1.15674421, 1.75636013])"
523,1082,"array([1.13056396, 1.73218614])"
524,359,"array([1.07061016, 1.7863384 ])"
525,988,"array([1.15576132, 1.77391729])"
526,437,"array([1.16369982, 1.77048622])"
527,1264,"array([1.17015266, 1.75122684])"
528,1348,"array([1.14587481, 1.74825765])"
529,1350,"array([1.1453194 , 1.75339166])"
530,1173,"array([1.1029265 , 1.68069936])"
531,541,"array([1.1583652 , 1.73723699])"
532,672,"array([1.15015405, 1.75023767])"
533,1180,"array([1.08508695, 1.75832179])"
534,1183,"array([1.13512861, 1.73234574])"
535,1184,"array([1.18837549, 1.7785516 ])"
536,1186,"array([1.17212239, 1.73635585])"
537,547,"array([1.11851587, 1.73593565])"
538,1339,"array([1.13747219, 1.67222505])"
539,409,"array([1.12473801, 1.73265253])"
540,922,"array([1.128586  , 1.73555835])"
541,1273,"array([1.19124444, 1.74703742])"
542,277,"array([1.10082737, 1.84134507])"
543,1357,"array([1.16135159, 1.75656681])"
544,278,"array([1.11412632, 1.71880369])"
545,452,"array([1.16125904, 1.74093544])"
546,1192,"array([1.1434974 , 1.76741025])"
547,122,"array([1.12854735, 1.68233641])"
548,927,"array([1.16921401, 1.72821584])"
549,1047,"array([1.14362494, 1.7634105 ])"
550,203,"array([1.11858568, 1.6884402 ])"
551,292,"array([1.17223832, 1.78518794])"
552,540,"array([1.07837156, 1.79136509])"
553,829,"array([1.15239275, 1.68140987])"
554,294,"array([1.12635957, 1.74978153])"
555,835,"array([1.15697989, 1.79202172])"
556,1379,"array([1.14483626, 1.68717548])"
557,1071,"array([1.12926034, 1.75334556])"
558,568,"array([1.13734129, 1.77029482])"
559,569,"array([1.1426301 , 1.73672364])"
560,842,"array([1.1414555 , 1.72936529])"
561,1212,"array([1.16065049, 1.76538863])"
562,46,"array([1.08622388, 1.8465346 ])"
563,1028,"array([1.15386577, 1.67561521])"
564,1291,"array([1.14600921, 1.7100988 ])"
565,871,"array([1.14363545, 1.70631608])"
566,1032,"array([1.12831694, 1.74086405])"
567,1385,"array([1.13710238, 1.69391664])"
568,947,"array([1.12305642, 1.78260404])"
569,1115,"array([1.17971333, 1.78635332])"
570,389,"array([1.09977259, 1.72638722])"
571,1299,"array([1.11912699, 1.71782624])"
572,1118,"array([1.13858769, 1.74289773])"
573,392,"array([1.07536709, 1.74764717])"
574,1220,"array([1.20527196, 1.79326947])"
575,1398,"array([1.19124685, 1.71789965])"
576,321,"array([1.09559691, 1.74105362])"
577,1106,"array([1.13901134, 1.73463189])"
578,683,"array([1.14997076, 1.78684534])"
579,685,"array([1.15745376, 1.69342588])"
580,686,"array([1.20217194, 1.82205156])"
581,769,"array([1.17118666, 1.69285156])"
582,499,"array([1.10448086, 1.76452903])"
583,908,"array([1.1704049 , 1.75980831])"
584,1232,"array([1.19990102, 1.77809897])"
585,1234,"array([1.14918975, 1.6762685 ])"
586,955,"array([1.14179039, 1.72431047])"
587,603,"array([1.09786222, 1.76737866])"
588,158,"array([1.15878959, 1.65454318])"
589,1241,"array([1.20670314, 1.76980784])"
590,505,"array([1.150758  , 1.70087265])"
591,1054,"array([1.11723577, 1.83253631])"
592,247,"array([1.12698777, 1.72311437])"
593,966,"array([1.14322059, 1.69703962])"
594,1057,"array([1.12536437, 1.74469212])"
595,881,"array([1.09821113, 1.77398086])"
596,340,"array([1.14478409, 1.78073864])"
597,972,"array([1.15987142, 1.77130368])"
598,1152,"array([1.14940644, 1.77439802])"
599,1420,"array([1.15626663, 1.76782795])"
600,419,"array([1.17539785, 1.76289366])"
601,1422,"array([1.15857695, 1.78409534])"
602,1221,"array([1.1015359 , 1.79546309])"
603,83,"array([1.08283556, 1.79842828])"
604,1158,"array([1.14666709, 1.72876793])"
605,426,"array([1.07183387, 1.77130532])"
606,174,"array([1.12593011, 1.700383  ])"
607,1427,"array([1.17200701, 1.77381545])"
608,585,"array([1.09303785, 1.57030131])"
609,997,"array([1.13481515, 1.63217095])"
610,498,"array([1.14961957, 1.619495  ])"
611,550,"array([1.12261024, 1.58754562])"
612,1225,"array([1.06011544, 1.61316321])"
613,1317,"array([1.08829358, 1.71872245])"
614,160,"array([1.03761983, 1.72670511])"
615,337,"array([1.05133514, 1.71410216])"
616,760,"array([1.06540125, 1.69885108])"
617,679,"array([1.05931368, 1.68122273])"
618,562,"array([1.04488784, 1.70363255])"
619,343,"array([1.04357733, 1.71146709])"
620,730,"array([1.07422509, 1.7227995 ])"
621,802,"array([1.05792047, 1.69499807])"
622,469,"array([1.07090076, 1.74939321])"
623,1352,"array([1.0526587 , 1.70323286])"
624,919,"array([1.0808892, 1.7140976])"
625,477,"array([1.11687601, 1.69324335])"
626,745,"array([0.95689114, 1.79194147])"
627,594,"array([0.91389323, 1.81599933])"
628,86,"array([1.01332056, 1.73845851])"
629,774,"array([0.91990368, 1.82433514])"
630,54,"array([1.12359029, 1.73842813])"
631,644,"array([1.17642223, 1.73909306])"
632,1386,"array([1.14669289, 1.79322721])"
633,185,"array([1.092723  , 1.71618116])"
634,662,"array([1.08018674, 1.72229773])"
635,1176,"array([1.09799656, 1.69970959])"
636,55,"array([1.17379924, 1.74301965])"
637,290,"array([1.16467155, 1.73008224])"
638,108,"array([1.18723818, 1.76179913])"
639,845,"array([1.19150245, 1.73318006])"
640,567,"array([1.19147725, 1.76438978])"
641,1105,"array([1.15357549, 1.73927032])"
642,940,"array([1.20224747, 1.68233331])"
643,305,"array([1.19252233, 1.75851715])"
644,57,"array([1.05562269, 1.72183078])"
645,82,"array([1.03719671, 1.71136567])"
646,556,"array([1.07739046, 1.70035804])"
647,1235,"array([1.05753605, 1.71611047])"
648,657,"array([1.08457262, 1.72519315])"
649,300,"array([1.05312914, 1.69016215])"
650,508,"array([1.0493878, 1.7465325])"
651,245,"array([1.06994185, 1.6975942 ])"
652,696,"array([1.06481044, 1.67709719])"
653,157,"array([1.07240215, 1.72985813])"
654,809,"array([1.15322624, 1.6516816 ])"
655,1113,"array([1.07640781, 1.74172616])"
656,60,"array([1.14612727, 1.63909373])"
657,407,"array([1.14152835, 1.68308193])"
658,872,"array([1.14401847, 1.66757335])"
659,1302,"array([1.13612975, 1.66267469])"
660,519,"array([1.14905418, 1.64912509])"
661,592,"array([1.14496485, 1.67877619])"
662,330,"array([1.13558605, 1.62002725])"
663,197,"array([1.12742597, 1.59489126])"
664,62,"array([1.2526736 , 1.66947546])"
665,513,"array([1.207717  , 1.63918345])"
666,533,"array([1.22408665, 1.63512747])"
667,63,"array([0.99424758, 1.65875608])"
668,65,"array([1.01352298, 1.62489818])"
669,1229,"array([1.00442898, 1.62236511])"
670,1055,"array([1.00125885, 1.70071676])"
671,1233,"array([1.0080185 , 1.64120511])"
672,924,"array([0.98399141, 1.69370671])"
673,225,"array([1.01551619, 1.66165771])"
674,1175,"array([1.00053896, 1.65093586])"
675,497,"array([0.96727076, 1.59940417])"
676,1239,"array([0.97164073, 1.71252258])"
677,738,"array([0.98045098, 1.64836074])"
678,123,"array([1.07283995, 1.60899432])"
679,458,"array([1.08529032, 1.66829806])"
680,64,"array([1.13143837, 1.61665562])"
681,87,"array([1.18243403, 1.64594175])"
682,537,"array([1.06852104, 1.64773069])"
683,732,"array([1.07011464, 1.65425627])"
684,1036,"array([1.19179966, 1.59249158])"
685,719,"array([1.13235847, 1.64963698])"
686,952,"array([1.01849542, 1.61150666])"
687,1217,"array([1.00055441, 1.6353658 ])"
688,233,"array([0.99567161, 1.61297464])"
689,1375,"array([1.00807864, 1.61022083])"
690,663,"array([0.91212702, 1.83239379])"
691,67,"array([0.94471993, 1.69114935])"
692,298,"array([0.9700343 , 1.70617103])"
693,105,"array([0.94169767, 1.74911417])"
694,713,"array([0.94396913, 1.66245283])"
695,1286,"array([0.97430361, 1.69051089])"
696,217,"array([0.92804637, 1.64931306])"
697,807,"array([0.95500672, 1.70331068])"
698,1384,"array([0.98277825, 1.71160748])"
699,750,"array([0.97847561, 1.70633159])"
700,575,"array([0.96200492, 1.69558329])"
701,70,"array([1.24996033, 1.7185383 ])"
702,995,"array([1.26858644, 1.70118982])"
703,403,"array([1.19548807, 1.7024624 ])"
704,1414,"array([1.24715398, 1.70521339])"
705,1297,"array([1.23185723, 1.68911026])"
706,71,"array([1.05115084, 1.62864813])"
707,885,"array([1.08177559, 1.65921461])"
708,758,"array([1.06698116, 1.67164262])"
709,130,"array([1.07311177, 1.67150485])"
710,1170,"array([1.10569584, 1.57973714])"
711,72,"array([1.00336359, 1.73145611])"
712,645,"array([0.97263891, 1.75032145])"
713,944,"array([0.98252889, 1.73911633])"
714,631,"array([0.95083305, 1.75455171])"
715,622,"array([0.96674198, 1.72844335])"
716,891,"array([0.94865133, 1.76787465])"
717,1147,"array([0.9579806, 1.7225908])"
718,1248,"array([0.96251909, 1.71431549])"
719,514,"array([0.98794815, 1.72065162])"
720,1123,"array([0.99498786, 1.73007763])"
721,1124,"array([1.02659904, 1.73248502])"
722,1099,"array([0.98541537, 1.72718385])"
723,406,"array([0.94200385, 1.72961397])"
724,1421,"array([0.95562716, 1.68707028])"
725,104,"array([1.06361253, 1.72637875])"
726,193,"array([0.98869276, 1.751448  ])"
727,647,"array([0.9503831 , 1.70842637])"
728,1174,"array([0.98698219, 1.77908106])"
729,808,"array([0.96911771, 1.77561207])"
730,1134,"array([0.99828062, 1.720158  ])"
731,258,"array([1.01200239, 1.74941091])"
732,175,"array([1.01773352, 1.73024642])"
733,865,"array([0.99724155, 1.75164521])"
734,692,"array([1.09117928, 1.6847558 ])"
735,1407,"array([1.05177517, 1.73630787])"
736,984,"array([1.17661443, 1.64189464])"
737,332,"array([1.1407254 , 1.64604372])"
738,373,"array([1.11852687, 1.65080227])"
739,413,"array([1.13342857, 1.60513966])"
740,470,"array([1.15718315, 1.63372274])"
741,436,"array([1.13638023, 1.64169171])"
742,992,"array([1.15818236, 1.61344119])"
743,411,"array([1.16640192, 1.61134954])"
744,978,"array([1.15315368, 1.59349756])"
745,648,"array([1.1184992 , 1.71157038])"
746,88,"array([1.12855437, 1.67080426])"
747,405,"array([1.08533387, 1.58662293])"
748,605,"array([1.23133345, 1.70872815])"
749,1409,"array([1.12205015, 1.66626907])"
750,1272,"array([1.1340508 , 1.65820919])"
751,1010,"array([1.08622843, 1.68184388])"
752,684,"array([1.08470755, 1.6180501 ])"
753,79,"array([1.1474525 , 1.63269107])"
754,494,"array([1.09462932, 1.65177108])"
755,344,"array([1.12201444, 1.60714127])"
756,770,"array([1.09079859, 1.614674  ])"
757,109,"array([1.10716436, 1.62860996])"
758,275,"array([1.16162432, 1.64853697])"
759,1318,"array([1.11978105, 1.6426768 ])"
760,1135,"array([1.0941902, 1.6908426])"
761,1336,"array([1.06467071, 1.65542854])"
762,279,"array([1.1230708 , 1.61731204])"
763,386,"array([1.10781606, 1.81203791])"
764,1341,"array([1.13098405, 1.76555851])"
765,535,"array([1.11704702, 1.78393412])"
766,484,"array([1.13341869, 1.72276351])"
767,1167,"array([1.12308724, 1.81195891])"
768,246,"array([1.13504711, 1.71819388])"
769,697,"array([1.13809476, 1.74684651])"
770,34,"array([1.10064133, 1.82883995])"
771,728,"array([1.10259169, 1.75583188])"
772,471,"array([1.10967806, 1.72216866])"
773,1041,"array([1.09188031, 1.75323578])"
774,1044,"array([1.10369013, 1.8011031 ])"
775,1064,"array([1.12276395, 1.7245964 ])"
776,789,"array([1.09569809, 1.80810724])"
777,1084,"array([1.10808724, 1.76010599])"
778,1091,"array([1.19166449, 1.71048268])"
779,1263,"array([1.17758663, 1.74964426])"
780,1200,"array([1.18095543, 1.74835273])"
781,665,"array([1.17673345, 1.71235225])"
782,78,"array([1.23133688, 1.65312083])"
783,1216,"array([1.31455732, 1.65376202])"
784,838,"array([1.23110035, 1.64576168])"
785,322,"array([1.22975358, 1.6617668 ])"
786,1413,"array([1.24899427, 1.65332605])"
787,326,"array([1.25477237, 1.684569  ])"
788,189,"array([1.24345043, 1.64582744])"
789,416,"array([1.26819249, 1.62454261])"
790,288,"array([1.26565338, 1.67390666])"
791,186,"array([1.21674711, 1.65261141])"
792,818,"array([1.25515888, 1.62264839])"
793,850,"array([1.24221561, 1.62755439])"
794,1231,"array([1.288329  , 1.65862014])"
795,633,"array([1.24565158, 1.6188698 ])"
796,914,"array([1.26346339, 1.63703042])"
797,1109,"array([1.17055945, 1.67214752])"
798,51,"array([1.1412848 , 1.62219202])"
799,422,"array([1.15653568, 1.66428818])"
800,445,"array([1.13975967, 1.63806913])"
801,81,"array([1.1196491 , 1.85692532])"
802,1411,"array([1.06214855, 1.70780208])"
803,144,"array([1.04471504, 1.73669   ])"
804,129,"array([1.07308215, 1.84175326])"
805,1121,"array([1.05397621, 1.81575335])"
806,85,"array([0.96466518, 1.73506086])"
807,710,"array([0.93123974, 1.73286134])"
808,958,"array([0.8992153 , 1.76086886])"
809,1406,"array([0.94857532, 1.74494263])"
810,132,"array([0.92530942, 1.77254366])"
811,125,"array([1.01839658, 1.76491269])"
812,481,"array([0.98988597, 1.64636342])"
813,1207,"array([1.02713676, 1.76857071])"
814,898,"array([1.01761697, 1.71417654])"
815,1389,"array([1.00158017, 1.83224289])"
816,440,"array([1.00961282, 1.6972695 ])"
817,425,"array([1.12291125, 1.62366154])"
818,716,"array([1.15784731, 1.64068984])"
819,870,"array([1.09218178, 1.62559447])"
820,68,"array([1.091773  , 1.60386985])"
821,1275,"array([1.07893017, 1.64999316])"
822,570,"array([1.08012364, 1.6385651 ])"
823,612,"array([0.85131521, 1.80797943])"
824,1005,"array([0.88910397, 1.80579751])"
825,1240,"array([1.07644556, 1.76827698])"
826,107,"array([1.05148384, 1.80692379])"
827,58,"array([1.06264414, 1.80776315])"
828,581,"array([1.0623008, 1.786089 ])"
829,1035,"array([1.10380441, 1.78769768])"
830,1351,"array([1.05760826, 1.72792085])"
831,93,"array([1.16934924, 1.66482546])"
832,1226,"array([1.16138749, 1.69836809])"
833,858,"array([1.12056547, 1.69909682])"
834,222,"array([1.1722496 , 1.69967565])"
835,667,"array([1.14858254, 1.685772  ])"
836,94,"array([1.20847977, 1.80463154])"
837,687,"array([1.16374874, 1.75042155])"
838,733,"array([1.15237696, 1.78237803])"
839,1319,"array([1.12405347, 1.82520815])"
840,1070,"array([1.09343454, 1.72399478])"
841,876,"array([1.13542211, 1.75659146])"
842,998,"array([1.17980652, 1.75523775])"
843,367,"array([1.17521593, 1.73325458])"
844,99,"array([1.07647756, 1.68026812])"
845,1370,"array([1.08501277, 1.70809069])"
846,135,"array([1.09646706, 1.66993457])"
847,1204,"array([1.07628512, 1.71771767])"
848,1268,"array([1.1135176 , 1.71428205])"
849,1001,"array([1.17185786, 1.72453459])"
850,402,"array([1.19163176, 1.69172568])"
851,551,"array([1.19622142, 1.74835955])"
852,1362,"array([1.16462103, 1.74147905])"
853,817,"array([1.236834  , 1.77731762])"
854,282,"array([1.09314041, 1.67955716])"
855,1278,"array([1.18755077, 1.70426487])"
856,1377,"array([1.14863464, 1.67172755])"
857,1022,"array([1.17233571, 1.71337893])"
858,140,"array([1.16480758, 1.69166055])"
859,753,"array([1.15802508, 1.72157338])"
860,950,"array([1.14721544, 1.66325781])"
861,587,"array([1.08049617, 1.69653306])"
862,1394,"array([1.18012992, 1.74143685])"
863,1128,"array([1.14038434, 1.75706393])"
864,1322,"array([1.1157323 , 1.74136998])"
865,103,"array([1.19934577, 1.65745767])"
866,1258,"array([0.98987168, 1.70387227])"
867,1292,"array([1.00046076, 1.67226562])"
868,387,"array([1.12503849, 1.7639764 ])"
869,582,"array([1.00839886, 1.68100474])"
870,179,"array([1.11306283, 1.7264869 ])"
871,646,"array([1.04378048, 1.69114178])"
872,642,"array([1.09990109, 1.71700705])"
873,396,"array([1.0533368 , 1.83023564])"
874,110,"array([1.06803583, 1.62459618])"
875,691,"array([1.0533324 , 1.62168214])"
876,791,"array([1.08634096, 1.66230376])"
877,219,"array([1.05574278, 1.60231327])"
878,884,"array([1.09078929, 1.66869148])"
879,1262,"array([1.08029679, 1.60633801])"
880,240,"array([1.0958385 , 1.60979199])"
881,266,"array([1.05676409, 1.64155679])"
882,418,"array([1.10459509, 1.6916465 ])"
883,1103,"array([1.06752749, 1.63131406])"
884,394,"array([1.07417477, 1.64151572])"
885,114,"array([0.91644668, 1.63740508])"
886,431,"array([0.88667048, 1.62386606])"
887,854,"array([0.91281334, 1.66941129])"
888,112,"array([0.95260425, 1.62114479])"
889,210,"array([0.87733977, 1.62990114])"
890,207,"array([0.9676693 , 1.63225345])"
891,847,"array([1.10423221, 1.67174266])"
892,961,"array([1.00934228, 1.70708225])"
893,741,"array([1.03303399, 1.62173477])"
894,1011,"array([1.11332267, 1.62769291])"
895,623,"array([1.06699435, 1.66068789])"
896,362,"array([1.0903163 , 1.64820663])"
897,1096,"array([1.04805782, 1.75886212])"
898,800,"array([1.04709379, 1.76661495])"
899,446,"array([1.05058873, 1.65480198])"
900,688,"array([1.04775   , 1.64824888])"
901,780,"array([1.13160895, 1.66360536])"
902,524,"array([1.04210496, 1.6979086 ])"
903,549,"array([1.05565612, 1.7651173 ])"
904,237,"array([1.04018927, 1.63338953])"
905,116,"array([0.9423603 , 1.69868195])"
906,790,"array([0.91121138, 1.65163283])"
907,701,"array([0.93737343, 1.66974785])"
908,118,"array([1.10942522, 1.76789255])"
909,546,"array([1.06070413, 1.77683891])"
910,668,"array([1.15071317, 1.76943013])"
911,1197,"array([1.08965384, 1.78079613])"
912,492,"array([1.11164283, 1.71058605])"
913,121,"array([1.11125879, 1.56493887])"
914,117,"array([1.11929757, 1.6286385 ])"
915,280,"array([1.1524371 , 1.66282417])"
916,161,"array([1.15522434, 1.6472063 ])"
917,609,"array([1.05894838, 1.66037592])"
918,993,"array([1.13993993, 1.66600033])"
919,1213,"array([1.06459159, 1.75469432])"
920,314,"array([1.0756    , 1.59145487])"
921,1185,"array([1.02692778, 1.58618692])"
922,512,"array([1.09432049, 1.53931546])"
923,901,"array([1.09014625, 1.59420691])"
924,124,"array([1.06391305, 1.64392751])"
925,1088,"array([1.09226146, 1.65894225])"
926,572,"array([1.08281973, 1.598355  ])"
927,779,"array([1.0679757 , 1.63806889])"
928,1156,"array([1.03790576, 1.59613908])"
929,1077,"array([1.10540791, 1.70489118])"
930,868,"array([1.07491415, 1.64710806])"
931,903,"array([1.11666154, 1.61304419])"
932,1045,"array([1.04884144, 1.72150698])"
933,1321,"array([1.04419725, 1.83974736])"
934,126,"array([1.08391495, 1.64376786])"
935,127,"array([0.90247972, 1.74268116])"
936,1410,"array([0.91836612, 1.74852138])"
937,1401,"array([0.90831566, 1.7146651 ])"
938,1072,"array([0.9134885 , 1.72259177])"
939,428,"array([0.96128802, 1.7548254 ])"
940,350,"array([0.91010873, 1.74632559])"
941,867,"array([0.94837457, 1.72005021])"
942,1102,"array([0.92206654, 1.72170084])"
943,128,"array([1.14617508, 1.65558241])"
944,788,"array([1.17688005, 1.66458811])"
945,379,"array([1.23856377, 1.68295848])"
946,429,"array([1.15226347, 1.69552432])"
947,604,"array([1.16299426, 1.62830364])"
948,933,"array([1.17065205, 1.67859623])"
949,510,"array([1.07200009, 1.79895943])"
950,1359,"array([1.07836623, 1.69140142])"
951,1246,"array([1.06053514, 1.70184771])"
952,349,"array([1.0553381 , 1.68568232])"
953,539,"array([1.07676386, 1.68707052])"
954,323,"array([1.06747574, 1.6923088 ])"
955,134,"array([1.18035237, 1.79704367])"
956,1002,"array([1.10430331, 1.72811045])"
957,375,"array([1.14970642, 1.72164107])"
958,1125,"array([1.16113431, 1.70348711])"
959,1162,"array([1.20534229, 1.74126902])"
960,500,"array([1.12766412, 1.70654234])"
961,139,"array([0.97741706, 1.69905157])"
962,1025,"array([1.18183539, 1.73635733])"
963,1073,"array([1.15218921, 1.64278197])"
964,433,"array([1.2114207 , 1.76036916])"
965,913,"array([1.11023661, 1.79631703])"
966,1347,"array([1.22085498, 1.72104075])"
967,448,"array([1.13697368, 1.70320593])"
968,899,"array([1.20955279, 1.68990545])"
969,195,"array([1.20232408, 1.68783623])"
970,1187,"array([1.17335866, 1.77921253])"
971,1402,"array([1.06521937, 1.68277498])"
972,814,"array([1.08661933, 1.74133147])"
973,823,"array([1.13691933, 1.59182364])"
974,1371,"array([1.18648029, 1.74816784])"
975,464,"array([1.16712555, 1.76573624])"
976,949,"array([1.12220953, 1.74733811])"
977,801,"array([1.18182213, 1.76891081])"
978,573,"array([1.12590158, 1.63002989])"
979,138,"array([1.09711032, 1.70602702])"
980,1166,"array([1.10311766, 1.65634493])"
981,1112,"array([1.19773574, 1.6961625 ])"
982,649,"array([1.20522505, 1.64820763])"
983,586,"array([1.09856673, 1.69331106])"
984,529,"array([1.14201952, 1.74991965])"
985,1312,"array([1.18389082, 1.71226284])"
986,598,"array([1.12956986, 1.75956776])"
987,1046,"array([1.22873526, 1.72816862])"
988,439,"array([1.1080666 , 1.75342425])"
989,329,"array([1.21334667, 1.70797029])"
990,334,"array([1.16092311, 1.76085648])"
991,711,"array([1.14662557, 1.73807458])"
992,734,"array([1.1965479 , 1.68092718])"
993,520,"array([1.13904811, 1.68723425])"
994,427,"array([1.08176242, 1.74427698])"
995,1039,"array([0.93860954, 1.6796988 ])"
996,923,"array([0.90955292, 1.75906455])"
997,1094,"array([0.922494  , 1.66137297])"
998,1177,"array([0.9195473 , 1.71422734])"
999,754,"array([1.15156025, 1.60449148])"
1000,755,"array([1.09822553, 1.59880277])"
1001,1345,"array([1.15558513, 1.56821223])"
1002,263,"array([1.16853252, 1.62465419])"
1003,289,"array([1.13451475, 1.6261314 ])"
1004,1190,"array([1.11323982, 1.63446246])"
1005,274,"array([1.12806189, 1.61090041])"
1006,488,"array([1.10616379, 1.59865449])"
1007,887,"array([1.1135138 , 1.59527258])"
1008,1301,"array([1.16992023, 1.65877035])"
1009,142,"array([1.23702673, 1.66568734])"
1010,163,"array([1.21406396, 1.63993781])"
1011,143,"array([1.21789331, 1.66435343])"
1012,531,"array([1.21383925, 1.67332645])"
1013,907,"array([1.17153335, 1.63706434])"
1014,796,"array([1.20560343, 1.65977585])"
1015,1238,"array([1.2618552 , 1.64499646])"
1016,1095,"array([1.18840071, 1.62735385])"
1017,1391,"array([1.18810638, 1.66933351])"
1018,459,"array([1.22884472, 1.67921147])"
1019,1307,"array([1.26206872, 1.66674005])"
1020,145,"array([1.09628356, 1.7312878 ])"
1021,756,"array([1.16219014, 1.68223237])"
1022,971,"array([1.15564822, 1.68684858])"
1023,613,"array([1.06131891, 1.7206865 ])"
1024,146,"array([1.06998025, 1.81409272])"
1025,1245,"array([1.11065906, 1.74284728])"
1026,476,"array([1.15296197, 1.83512056])"
1027,528,"array([1.09131914, 1.83641399])"
1028,482,"array([1.11429933, 1.75435616])"
1029,208,"array([1.14919163, 1.76525909])"
1030,676,"array([1.10721286, 1.77338324])"
1031,1021,"array([1.19472233, 1.73747469])"
1032,561,"array([1.10338617, 1.60531858])"
1033,1042,"array([1.02344004, 1.66326242])"
1034,1127,"array([1.10904453, 1.74856654])"
1035,152,"array([0.95170546, 1.69567088])"
1036,209,"array([0.88802358, 1.69030884])"
1037,611,"array([0.88609358, 1.70691751])"
1038,462,"array([1.15694572, 1.76223528])"
1039,154,"array([1.15405882, 1.82593849])"
1040,155,"array([1.05469164, 1.66514304])"
1041,223,"array([1.05177002, 1.67210613])"
1042,456,"array([1.11997986, 1.77343433])"
1043,941,"array([1.06777178, 1.74415906])"
1044,460,"array([1.14521078, 1.61886218])"
1045,783,"array([1.1596467 , 1.60727144])"
1046,650,"array([1.14553784, 1.59092677])"
1047,840,"array([1.17753347, 1.58879929])"
1048,934,"array([1.13166027, 1.64527157])"
1049,1223,"array([1.16990748, 1.58134772])"
1050,162,"array([1.1288938 , 1.62291245])"
1051,119,"array([1.22418969, 1.62377056])"
1052,532,"array([1.21290156, 1.64680278])"
1053,102,"array([1.24292356, 1.63537589])"
1054,1081,"array([1.17242931, 1.61238811])"
1055,131,"array([1.22051212, 1.60440744])"
1056,261,"array([1.18426566, 1.67399371])"
1057,749,"array([1.20068206, 1.63490025])"
1058,182,"array([1.18635751, 1.76678931])"
1059,165,"array([0.90105843, 1.81903322])"
1060,220,"array([1.22073559, 1.79459742])"
1061,485,"array([1.18752672, 1.77219975])"
1062,167,"array([1.19787173, 1.62679546])"
1063,372,"array([1.20904212, 1.59427568])"
1064,453,"array([1.19235847, 1.65748338])"
1065,974,"array([1.21449092, 1.63296075])"
1066,221,"array([1.20066308, 1.60026064])"
1067,1146,"array([1.21177793, 1.60234942])"
1068,678,"array([1.2114143 , 1.61075135])"
1069,1205,"array([1.18540156, 1.65429822])"
1070,400,"array([1.22995065, 1.57818839])"
1071,1237,"array([1.19664365, 1.61771856])"
1072,1367,"array([1.20903463, 1.57896358])"
1073,168,"array([1.21055681, 1.66440944])"
1074,1069,"array([1.16837374, 1.63237869])"
1075,214,"array([1.14027428, 1.70059281])"
1076,169,"array([0.89570543, 1.68142408])"
1077,703,"array([0.874182  , 1.68274141])"
1078,361,"array([0.8800834, 1.692464 ])"
1079,1153,"array([0.89461214, 1.70245396])"
1080,1330,"array([0.87212085, 1.64915166])"
1081,1316,"array([1.14238832, 1.58412443])"
1082,1215,"array([1.21677988, 1.58619612])"
1083,990,"array([1.22403913, 1.61094993])"
1084,1392,"array([1.22283968, 1.64318605])"
1085,748,"array([1.1905542 , 1.69821753])"
1086,1426,"array([1.22667005, 1.67003863])"
1087,1323,"array([1.16193274, 1.66668552])"
1088,1116,"array([1.10865125, 1.73253326])"
1089,768,"array([1.08884147, 1.71226503])"
1090,172,"array([1.17322294, 1.60477713])"
1091,1355,"array([1.19383456, 1.63400451])"
1092,317,"array([1.13155019, 1.63864268])"
1093,1085,"array([1.15196466, 1.61124184])"
1094,608,"array([1.19055561, 1.55866364])"
1095,882,"array([1.17807845, 1.63456515])"
1096,1110,"array([1.22965525, 1.59984954])"
1097,720,"array([1.13039164, 1.58615405])"
1098,303,"array([1.19646616, 1.72993333])"
1099,198,"array([1.00434913, 1.76117153])"
1100,610,"array([1.0814195 , 1.81826047])"
1101,377,"array([1.00153939, 1.78729715])"
1102,765,"array([1.01548227, 1.78293388])"
1103,1063,"array([1.00720554, 1.76993584])"
1104,1087,"array([1.08078313, 1.76506239])"
1105,272,"array([1.11881955, 1.77784546])"
1106,912,"array([1.24060223, 1.74897104])"
1107,636,"array([1.18901335, 1.64953924])"
1108,559,"array([1.18113135, 1.66900658])"
1109,1198,"array([1.19480254, 1.72510338])"
1110,836,"array([1.20883813, 1.70260215])"
1111,474,"array([1.18724361, 1.64076066])"
1112,1230,"array([1.21120919, 1.74296674])"
1113,953,"array([1.19744895, 1.67227432])"
1114,399,"array([1.21559474, 1.71677596])"
1115,699,"array([1.18136556, 1.70724121])"
1116,339,"array([1.22955871, 1.61601189])"
1117,618,"array([1.20584349, 1.65475458])"
1118,787,"array([1.18210786, 1.62039654])"
1119,178,"array([1.06560302, 1.59608995])"
1120,635,"array([1.09739029, 1.78139578])"
1121,506,"array([1.0369919 , 1.64892633])"
1122,580,"array([1.0421156 , 1.64244729])"
1123,1151,"array([1.07949849, 1.66403054])"
1124,355,"array([1.18569893, 1.78974564])"
1125,1376,"array([1.16904536, 1.73287507])"
1126,1026,"array([1.17148016, 1.76467057])"
1127,1111,"array([1.23680149, 1.80942401])"
1128,846,"array([1.18199565, 1.75959809])"
1129,654,"array([1.16854816, 1.79648822])"
1130,20,"array([1.22415161, 1.78560681])"
1131,1416,"array([1.19756411, 1.79433865])"
1132,873,"array([1.18381991, 1.78177433])"
1133,352,"array([1.22446834, 1.82400209])"
1134,183,"array([1.14634579, 1.812824  ])"
1135,1257,"array([1.2649418 , 1.60592674])"
1136,264,"array([1.20804309, 1.62409465])"
1137,853,"array([1.24677752, 1.66423413])"
1138,1306,"array([1.28464319, 1.62712702])"
1139,1353,"array([1.28728898, 1.64562663])"
1140,841,"array([1.25730454, 1.63120137])"
1141,715,"array([1.24231486, 1.67528715])"
1142,773,"array([1.27587565, 1.65160347])"
1143,187,"array([1.1915558 , 1.52686512])"
1144,486,"array([1.12660727, 1.57763871])"
1145,369,"array([1.1691988 , 1.52245688])"
1146,553,"array([1.15879216, 1.5413799 ])"
1147,467,"array([1.15688566, 1.51815565])"
1148,412,"array([1.13029538, 1.56511082])"
1149,190,"array([1.09926465, 1.74639785])"
1150,191,"array([1.1347787 , 1.57628322])"
1151,560,"array([1.12239857, 1.67152442])"
1152,792,"array([0.9938094 , 1.76778702])"
1153,363,"array([0.9822643 , 1.83445044])"
1154,249,"array([1.05340609, 1.77867187])"
1155,404,"array([0.98587205, 1.76843936])"
1156,327,"array([0.96037715, 1.8120735 ])"
1157,1191,"array([1.11213312, 1.78818562])"
1158,84,"array([1.22335438, 1.69381819])"
1159,1337,"array([1.09196348, 1.58200539])"
1160,554,"array([1.10016712, 1.61472246])"
1161,1145,"array([0.95210051, 1.73782544])"
1162,1017,"array([0.94681028, 1.71394637])"
1163,619,"array([0.95762675, 1.74376442])"
1164,1403,"array([1.19911054, 1.7411558 ])"
1165,1381,"array([1.15336278, 1.79700306])"
1166,888,"array([1.20097633, 1.76077063])"
1167,202,"array([1.06679152, 1.73198422])"
1168,900,"array([1.06262369, 1.74874339])"
1169,204,"array([1.08990254, 1.80388611])"
1170,1107,"array([0.97783636, 1.68412674])"
1171,206,"array([1.21390435, 1.81372511])"
1172,916,"array([1.06257057, 1.66616351])"
1173,968,"array([0.93412784, 1.78846429])"
1174,625,"array([0.90921691, 1.69550112])"
1175,457,"array([0.86011795, 1.74962082])"
1176,212,"array([0.99282661, 1.80560927])"
1177,1369,"array([1.00149993, 1.81414446])"
1178,909,"array([0.96360648, 1.82143372])"
1179,423,"array([0.97101041, 1.81473346])"
1180,954,"array([0.93535123, 1.75314574])"
1181,959,"array([1.02532859, 1.82763335])"
1182,781,"array([0.93579988, 1.77731482])"
1183,213,"array([1.18176382, 1.69145219])"
1184,1417,"array([1.21799319, 1.74328588])"
1185,544,"array([1.2387738 , 1.70049702])"
1186,890,"array([1.24296257, 1.72975389])"
1187,1169,"array([1.12958455, 1.65860713])"
1188,1097,"array([0.89448194, 1.71186574])"
1189,819,"array([1.15483245, 1.80645847])"
1190,1425,"array([1.24417426, 1.687932  ])"
1191,1075,"array([1.20839001, 1.71123482])"
1192,302,"array([1.21113519, 1.72276122])"
1193,432,"array([1.0473901 , 1.58525986])"
1194,226,"array([1.05226129, 1.55967162])"
1195,680,"array([1.1047534 , 1.58955613])"
1196,421,"array([1.21957234, 1.55869848])"
1197,727,"array([1.13976323, 1.82851554])"
1198,1009,"array([1.20659129, 1.63134943])"
1199,766,"array([1.04909877, 1.67830813])"
1200,224,"array([1.02837452, 1.78498804])"
1201,1053,"array([1.06435361, 1.82317925])"
1202,518,"array([1.03076625, 1.83979319])"
1203,794,"array([1.01890556, 1.68376564])"
1204,333,"array([1.06814459, 1.61474225])"
1205,364,"array([0.88519025, 1.73842894])"
1206,1270,"array([0.89753554, 1.66395639])"
1207,231,"array([1.12226959, 1.56042014])"
1208,454,"array([1.12324735, 1.54391795])"
1209,736,"array([1.11478793, 1.55035608])"
1210,234,"array([1.13837419, 1.56418016])"
1211,232,"array([1.18310092, 1.56178868])"
1212,507,"array([1.17577749, 1.55275305])"
1213,744,"array([1.16107009, 1.59856294])"
1214,8,"array([0.98493531, 1.58799552])"
1215,1034,"array([1.14400636, 1.57205074])"
1216,252,"array([1.1076381 , 1.54751705])"
1217,530,"array([1.13198953, 1.53286143])"
1218,937,"array([1.16419868, 1.66115526])"
1219,466,"array([1.19396991, 1.77382317])"
1220,239,"array([1.06312767, 1.83638786])"
1221,1165,"array([1.05369499, 1.78754321])"
1222,443,"array([1.07326173, 1.80582579])"
1223,538,"array([1.07581092, 1.63439804])"
1224,1244,"array([1.20052444, 1.64303068])"
1225,987,"array([1.23647941, 1.72478809])"
1226,820,"array([1.2188511 , 1.73482991])"
1227,156,"array([1.11937879, 1.84328309])"
1228,242,"array([1.13648876, 1.80835089])"
1229,863,"array([1.18297816, 1.66232829])"
1230,293,"array([1.1045533 , 1.72082773])"
1231,616,"array([1.18194799, 1.68520761])"
1232,579,"array([1.2015944 , 1.73396278])"
1233,248,"array([1.1793974 , 1.82370326])"
1234,250,"array([0.98443344, 1.66332525])"
1235,184,"array([0.93514978, 1.6113265 ])"
1236,1279,"array([0.94073336, 1.63763896])"
1237,1271,"array([0.95672477, 1.63742445])"
1238,502,"array([0.99699495, 1.68105643])"
1239,463,"array([0.99509874, 1.69438718])"
1240,690,"array([0.94776104, 1.64806512])"
1241,596,"array([0.95850988, 1.65159444])"
1242,1061,"array([1.08947417, 1.55365073])"
1243,253,"array([1.00394462, 1.77865736])"
1244,1335,"array([1.05395738, 1.75874516])"
1245,652,"array([1.03939014, 1.76494912])"
1246,558,"array([1.04132497, 1.71718613])"
1247,95,"array([0.89216362, 1.74508639])"
1248,1062,"array([1.08008045, 1.62877862])"
1249,1137,"array([1.12577047, 1.60169378])"
1250,257,"array([1.32821206, 1.64001626])"
1251,574,"array([1.29699915, 1.63012769])"
1252,910,"array([1.10041492, 1.68809862])"
1253,1423,"array([1.21931202, 1.76454128])"
1254,677,"array([1.1802572 , 1.60602494])"
1255,849,"array([1.11438166, 1.70699805])"
1256,267,"array([1.02147512, 1.59953249])"
1257,391,"array([0.98619405, 1.6142754 ])"
1258,331,"array([1.05956431, 1.63579781])"
1259,637,"array([1.12642511, 1.77596148])"
1260,851,"array([1.08047888, 1.75018394])"
1261,824,"array([1.05595172, 1.74249526])"
1262,1380,"array([1.18448702, 1.80385932])"
1263,1308,"array([1.10186564, 1.73326621])"
1264,929,"array([1.12950599, 1.78002781])"
1265,527,"array([1.08588972, 1.72983543])"
1266,270,"array([1.20167722, 1.81220359])"
1267,417,"array([1.03865136, 1.80912609])"
1268,273,"array([0.87093146, 1.73384126])"
1269,681,"array([1.11413924, 1.57813313])"
1270,1202,"array([1.16579072, 1.59054467])"
1271,1326,"array([1.06997567, 1.70314752])"
1272,1024,"array([1.08557323, 1.75288338])"
1273,311,"array([1.07069434, 1.73829116])"
1274,1342,"array([1.06050513, 1.73401181])"
1275,739,"array([1.02732021, 1.7431129 ])"
1276,1388,"array([1.21206125, 1.69622299])"
1277,390,"array([1.02554592, 1.75764587])"
1278,501,"array([1.17957468, 1.61212951])"
1279,281,"array([1.19072485, 1.68513843])"
1280,284,"array([1.21820539, 1.68607231])"
1281,475,"array([1.25817658, 1.70791243])"
1282,593,"array([1.13556879, 1.7621462 ])"
1283,295,"array([1.0339216 , 1.79460151])"
1284,1033,"array([1.01920678, 1.81136892])"
1285,1194,"array([1.05347271, 1.77015864])"
1286,673,"array([1.07715715, 1.75678764])"
1287,905,"array([1.02278584, 1.796845  ])"
1288,724,"array([0.97024976, 1.67977536])"
1289,658,"array([1.03639676, 1.60874936])"
1290,301,"array([1.20464521, 1.60822162])"
1291,1078,"array([1.20388255, 1.70522546])"
1292,304,"array([1.16187752, 1.79053037])"
1293,310,"array([1.09991725, 1.57626098])"
1294,1155,"array([1.11900779, 1.57202717])"
1295,313,"array([1.2236466 , 1.70998866])"
1296,682,"array([1.24064371, 1.65741711])"
1297,1140,"array([1.07964173, 1.65494213])"
1298,671,"array([1.07428223, 1.66221644])"
1299,1356,"array([1.18487799, 1.59755496])"
1300,797,"array([1.10648661, 1.61081455])"
1301,491,"array([1.16768413, 1.68619023])"
1302,96,"array([1.1610009 , 1.62265873])"
1303,1136,"array([1.15709019, 1.65827651])"
1304,1007,"array([1.16491901, 1.61706784])"
1305,599,"array([1.0494743, 1.6118801])"
1306,1150,"array([1.17565685, 1.62699055])"
1307,1076,"array([1.20295757, 1.66738527])"
1308,320,"array([1.19233095, 1.78514414])"
1309,725,"array([1.18830788, 1.84159089])"
1310,931,"array([1.03689886, 1.70511422])"
1311,1338,"array([0.86824626, 1.63719831])"
1312,465,"array([1.27259729, 1.68978178])"
1313,675,"array([1.27945685, 1.6363726 ])"
1314,328,"array([1.03317717, 1.74744697])"
1315,368,"array([1.05170064, 1.72904871])"
1316,496,"array([1.16207831, 1.55094917])"
1317,614,"array([1.01086792, 1.63258525])"
1318,1131,"array([1.00682964, 1.66113033])"
1319,1349,"array([0.98541807, 1.6260258 ])"
1320,826,"array([1.17150251, 1.81375004])"
1321,1243,"array([1.18995998, 1.74055312])"
1322,761,"array([1.1606047 , 1.71191516])"
1323,894,"array([1.19758103, 1.70941235])"
1324,861,"array([0.87642211, 1.72226263])"
1325,996,"array([1.24497818, 1.58451222])"
1326,378,"array([1.03445327, 1.66515807])"
1327,1015,"array([1.13349097, 1.67853047])"
1328,1092,"array([1.08592117, 1.73614474])"
1329,28,"array([1.12719945, 1.66570882])"
1330,811,"array([1.06193007, 1.73968325])"
1331,557,"array([1.16550652, 1.67192234])"
1332,1365,"array([1.11386681, 1.63991625])"
1333,269,"array([0.93251469, 1.8222144 ])"
1334,772,"array([0.95448963, 1.80311228])"
1335,1172,"array([1.16136568, 1.57987658])"
1336,1249,"array([1.18022133, 1.51457117])"
1337,1014,"array([1.17685835, 1.53433815])"
1338,771,"array([1.15044471, 1.5828469 ])"
1339,370,"array([1.10881358, 1.83385532])"
1340,889,"array([1.12267771, 1.6942829 ])"
1341,374,"array([1.17340147, 1.57211294])"
1342,591,"array([1.18166757, 1.58175678])"
1343,839,"array([1.19723376, 1.6892911 ])"
1344,1164,"array([1.1740831 , 1.79277126])"
1345,149,"array([1.21165654, 1.77339913])"
1346,159,"array([1.1684362 , 1.82675523])"
1347,384,"array([1.18712789, 1.81225884])"
1348,911,"array([1.15949168, 1.81911572])"
1349,1031,"array([1.25800563, 1.61319238])"
1350,1418,"array([1.24042313, 1.61269687])"
1351,1008,"array([0.96824623, 1.76569539])"
1352,1132,"array([1.13979305, 1.77712874])"
1353,896,"array([0.97386646, 1.80484297])"
1354,1199,"array([0.9668342 , 1.79866739])"
1355,401,"array([1.15721276, 1.7074008 ])"
1356,1288,"array([0.98353173, 1.79895336])"
1357,893,"array([1.03099077, 1.62936208])"
1358,904,"array([1.22308479, 1.65605126])"
1359,1142,"array([1.10256538, 1.55769828])"
1360,1327,"array([1.12325933, 1.5245426 ])"
1361,1227,"array([1.13146571, 1.5522188 ])"
1362,970,"array([1.28199307, 1.61208121])"
1363,1148,"array([1.03942317, 1.8174405 ])"
1364,424,"array([1.23773961, 1.73817827])"
1365,1101,"array([1.25431222, 1.7451761 ])"
1366,410,"array([1.05579501, 1.75071169])"
1367,1013,"array([1.04854463, 1.79682746])"
1368,1018,"array([1.14342412, 1.80221722])"
1369,1310,"array([1.02466816, 1.7772686 ])"
1370,831,"array([1.13548786, 1.80285555])"
1371,451,"array([1.21207858, 1.78489431])"
1372,926,"array([1.23047824, 1.71982579])"
1373,1311,"array([1.12864659, 1.63409571])"
1374,1222,"array([1.21862738, 1.70109893])"
1375,393,"array([1.08611674, 1.69691382])"
1376,521,"array([1.2358598 , 1.79180818])"
1377,192,"array([1.08522394, 1.77380408])"
1378,503,"array([1.13086489, 1.8163374 ])"
1379,442,"array([1.16330139, 1.63796908])"
1380,106,"array([1.0769862 , 1.57912153])"
1381,810,"array([1.05999198, 1.64952898])"
1382,450,"array([0.97114166, 1.64981986])"
1383,542,"array([1.2260176 , 1.77206669])"
1384,628,"array([1.19589852, 1.66603517])"
1385,1079,"array([1.02094374, 1.64697714])"
1386,27,"array([0.97386563, 1.66241077])"
1387,590,"array([1.04473268, 1.73041027])"
1388,1037,"array([1.16531217, 1.50904834])"
1389,763,"array([1.1250045 , 1.49881677])"
1390,1320,"array([1.03914255, 1.67874348])"
1391,480,"array([1.07734466, 1.82979005])"
1392,283,"array([1.01150189, 1.72628308])"
1393,1281,"array([0.86534119, 1.77440843])"
1394,1387,"array([1.2270979 , 1.70161592])"
1395,522,"array([1.11672278, 1.60094469])"
1396,523,"array([1.02784575, 1.71524776])"
1397,483,"array([1.22875995, 1.83839   ])"
1398,545,"array([1.25827769, 1.72497358])"
1399,1315,"array([1.0396533 , 1.78485265])"
1400,1366,"array([1.03747022, 1.77504169])"
1401,1372,"array([1.03165426, 1.68566874])"
1402,965,"array([1.22077273, 1.67657383])"
1403,1104,"array([1.23344428, 1.63510762])"
1404,705,"array([1.0955831 , 1.52553049])"
1405,1309,"array([1.10858009, 1.53838101])"
1406,999,"array([1.11312623, 1.52915958])"
1407,449,"array([1.16468102, 1.56407057])"
1408,721,"array([1.14041873, 1.53843138])"
1409,382,"array([1.17581247, 1.84637666])"
1410,571,"array([1.14157141, 1.78982193])"
1411,729,"array([1.23180951, 1.76547612])"
1412,1117,"array([0.90342948, 1.63699701])"
1413,1429,"array([1.25206768, 1.6016306 ])"
1414,764,"array([1.09292673, 1.79438607])"
1415,1074,"array([1.19158799, 1.61739046])"
1416,762,"array([1.12458815, 1.80462902])"
1417,1160,"array([0.85243621, 1.72564034])"
1418,1023,"array([1.16894913, 1.64988639])"
1419,1397,"array([1.1896895 , 1.82609247])"
1420,1126,"array([1.21678735, 1.75179605])"
1421,859,"array([0.94397822, 1.82531696])"
1422,1195,"array([1.20631062, 1.6754814 ])"
1423,804,"array([1.13941836, 1.81699067])"
1424,61,"array([1.25771027, 1.76531397])"
1425,921,"array([0.94068717, 1.81099388])"
1426,77,"array([0.92879733, 1.84103273])"
1427,963,"array([0.94155644, 1.84416748])"
1428,1354,"array([1.16289652, 1.81180419])"
